# Frecuencia [Hz], Resistencia [Ohm], Reactancia [Ohm]
2.000000000000000000e+01,8.531098712054284988e+03,-2.331257504041940047e+04
2.037349999999999994e+01,8.418963720631385513e+03,-2.303330005797459671e+04
2.075260000000000105e+01,8.304641297635756928e+03,-2.275673577224120891e+04
2.114020000000000010e+01,8.190797880722363516e+03,-2.248339576859229783e+04
2.153320000000000078e+01,8.076806331468692406e+03,-2.221520911209136466e+04
2.193459999999999965e+01,7.959659039184122776e+03,-2.194964557504139884e+04
2.234299999999999997e+01,7.844431763451636471e+03,-2.168762369644381033e+04
2.275829999999999842e+01,7.726216022122203867e+03,-2.142963905411153246e+04
2.318209999999999837e+01,7.608084858631688803e+03,-2.117446681321301003e+04
2.361459999999999937e+01,7.489150058063299184e+03,-2.092029654588601989e+04
2.405580000000000140e+01,7.369245632325306360e+03,-2.066898697010703472e+04
2.450379999999999825e+01,7.249763020960095673e+03,-2.042205118566496094e+04
2.496049999999999969e+01,7.129491417046177048e+03,-2.017725928302119064e+04
2.542589999999999861e+01,7.009086214591093267e+03,-1.993469015150296036e+04
2.589780000000000015e+01,6.888843892581689033e+03,-1.969635259416422923e+04
2.638060000000000116e+01,6.767804499565992046e+03,-1.945876015232353529e+04
2.687209999999999965e+01,6.647222398895044535e+03,-1.922348143468367562e+04
2.737229999999999919e+01,6.526470374558429285e+03,-1.899009301030437564e+04
2.788360000000000127e+01,6.405894795228359726e+03,-1.875836335804555711e+04
2.840099999999999980e+01,6.284625218607161514e+03,-1.853048304015971735e+04
2.893240000000000123e+01,6.163000791485347690e+03,-1.830115139121446191e+04
2.946950000000000003e+01,6.044199702578423967e+03,-1.807689470886387790e+04
3.001800000000000068e+01,5.924621379052231532e+03,-1.785427556847034793e+04
3.057789999999999964e+01,5.805016526341088138e+03,-1.763271790788098588e+04
3.114939999999999998e+01,5.686312647148877659e+03,-1.741170144956760851e+04
3.172919999999999874e+01,5.568048917110665570e+03,-1.719221711172421055e+04
3.232059999999999889e+01,5.451517473294016781e+03,-1.697531531013105996e+04
3.292000000000000171e+01,5.334761266655048530e+03,-1.676267047453349369e+04
3.353450000000000131e+01,5.217565684408468769e+03,-1.654709788358318838e+04
3.416080000000000183e+01,5.102970767804414209e+03,-1.633403710363526625e+04
3.479869999999999663e+01,4.991090179635149070e+03,-1.612440422027274690e+04
3.544420000000000215e+01,4.878855826254527528e+03,-1.591548705119080660e+04
3.610540000000000305e+01,4.766243702921855402e+03,-1.570696923675467588e+04
3.677819999999999823e+01,4.655419523962486892e+03,-1.550090504021971174e+04
3.746249999999999858e+01,4.546226515742881020e+03,-1.529661390234964165e+04
3.815820000000000078e+01,4.438692975304225001e+03,-1.509461229581551561e+04
3.887019999999999698e+01,4.331943491588088364e+03,-1.489182488467036819e+04
3.959349999999999881e+01,4.225669777243457247e+03,-1.469136086050884660e+04
4.033339999999999748e+01,4.122647839085590022e+03,-1.449013546640896493e+04
4.108460000000000178e+01,4.019636604528531279e+03,-1.429427903944561876e+04
4.185269999999999868e+01,3.918043895326903566e+03,-1.409704926551267999e+04
4.263179999999999836e+01,3.819673649959201612e+03,-1.390096815505335144e+04
4.342159999999999798e+01,3.722324867993530006e+03,-1.370903668158769506e+04
4.423469999999999658e+01,3.625135994511786066e+03,-1.351692339925380475e+04
4.505859999999999843e+01,3.530230601967326493e+03,-1.332644082667736984e+04
4.589959999999999951e+01,3.437023749819511067e+03,-1.313692599328993128e+04
4.675079999999999814e+01,3.346281081123816875e+03,-1.294973756244167271e+04
4.761899999999999977e+01,3.256445389393151800e+03,-1.276549035156503669e+04
4.851230000000000331e+01,3.166763446423046389e+03,-1.257962589604312598e+04
4.941530000000000200e+01,3.082280528556071204e+03,-1.239820560013763134e+04
5.033559999999999945e+01,2.997380604573763321e+03,-1.221501945439813790e+04
5.127329999999999899e+01,2.914581331845455679e+03,-1.203603734083846939e+04
5.222840000000000060e+01,2.832937408501165010e+03,-1.185809651164615389e+04
5.320089999999999719e+01,2.752667543159869183e+03,-1.168248377515818356e+04
5.419080000000000297e+01,2.674636181341759766e+03,-1.150766564762191774e+04
5.519780000000000086e+01,2.599494863315520888e+03,-1.133535277861241593e+04
5.623239999999999839e+01,2.524252183677806443e+03,-1.116264893128856966e+04
5.727380000000000138e+01,2.451699755696505690e+03,-1.099404916843278806e+04
5.834309999999999974e+01,2.380147839852446850e+03,-1.082553320028375128e+04
5.942949999999999733e+01,2.310288773862570906e+03,-1.065920591185687772e+04
6.054489999999999839e+01,2.242297671757813532e+03,-1.049432011095666530e+04
6.166499999999999915e+01,2.177358994478745899e+03,-1.033257702894890099e+04
6.281410000000000338e+01,2.113117701197402312e+03,-1.017060088789675137e+04
6.397950000000000159e+01,2.049169736820380876e+03,-1.001204911842223737e+04
6.517489999999999384e+01,1.988231690513859348e+03,-9.854937696141787455e+03
6.638639999999999475e+01,1.929399735841231404e+03,-9.699659012328000244e+03
6.762850000000000250e+01,1.870282536887213382e+03,-9.543665871781908209e+03
6.888630000000000564e+01,1.813700855858856812e+03,-9.391928604283408276e+03
7.017539999999999623e+01,1.758431439882220047e+03,-9.240537177071133556e+03
7.147960000000000491e+01,1.704340031012235386e+03,-9.092402632763752990e+03
7.281550000000000011e+01,1.651822473395143788e+03,-8.945368303003893743e+03
7.416559999999999775e+01,1.601708197647364159e+03,-8.800795212887824164e+03
7.554770000000000607e+01,1.551905007104182005e+03,-8.657546692945119503e+03
7.696250000000000568e+01,1.504034069832329124e+03,-8.515547166171038043e+03
7.839039999999999964e+01,1.457650898763124133e+03,-8.377167964111444235e+03
7.985089999999999577e+01,1.412308127942558258e+03,-8.239049991361102002e+03
8.134489999999999554e+01,1.367977300701034437e+03,-8.102673310726941963e+03
8.284999999999999432e+01,1.325904074830725904e+03,-7.969080314644047576e+03
8.438819999999999766e+01,1.284293321170370746e+03,-7.837136789293471338e+03
8.598449999999999704e+01,1.243594143341351128e+03,-7.704763570483333751e+03
8.756570000000000675e+01,1.205246464286131413e+03,-7.577183943519239619e+03
8.920610000000000639e+01,1.167137897588013630e+03,-7.449869050903768766e+03
9.085399999999999920e+01,1.130733865997702878e+03,-7.325829862936067912e+03
9.256399999999999295e+01,1.094916426602113916e+03,-7.201115599208004824e+03
9.428029999999999688e+01,1.060504142494065945e+03,-7.079600394927168963e+03
9.603069999999999595e+01,1.027345833408116732e+03,-6.959946182850768309e+03
9.784739999999999327e+01,9.943552829396031711e+02,-6.840041822598023828e+03
9.966779999999999973e+01,9.632476477446282388e+02,-6.723874026148499979e+03
1.015229999999999961e+02,9.324846793080037060e+02,-6.609525726045390002e+03
1.034129999999999967e+02,9.031041612905892180e+02,-6.495579561321655092e+03
1.053370000000000033e+02,8.750282717386711511e+02,-6.385292775163722581e+03
1.072960000000000065e+02,8.471189010452860657e+02,-6.275159495494263865e+03
1.092900000000000063e+02,8.205436214569954245e+02,-6.167505621220481771e+03
1.113169999999999931e+02,7.947565287051895666e+02,-6.061297862049058494e+03
1.134219999999999970e+02,7.693292117495990396e+02,-5.955323307768331688e+03
1.155180000000000007e+02,7.452989663168168590e+02,-5.852898211690263452e+03
1.176470000000000056e+02,7.222313195117626492e+02,-5.752005035638990194e+03
1.198559999999999945e+02,6.996210222244023953e+02,-5.651470027998173464e+03
1.220999999999999943e+02,6.768370170038502920e+02,-5.553013447175625515e+03
1.243780000000000001e+02,6.559575517827389604e+02,-5.455344940501856399e+03
1.266889999999999930e+02,6.353885174176564306e+02,-5.360595206349178625e+03
1.290320000000000107e+02,6.154553789145418250e+02,-5.267204943626662498e+03
1.314639999999999986e+02,5.960849677975163559e+02,-5.173956090223981846e+03
1.339290000000000020e+02,5.774074881914250454e+02,-5.082667461302231459e+03
1.363640000000000043e+02,5.597550944302064408e+02,-4.995366191898190664e+03
1.389530000000000030e+02,5.421759080935520387e+02,-4.905629983466234989e+03
1.415089999999999861e+02,5.258432955203770689e+02,-4.819940763137683462e+03
1.441610000000000014e+02,5.097789841541093665e+02,-4.734846298605140873e+03
1.468429999999999893e+02,4.938817920316893151e+02,-4.651252684546343517e+03
1.495509999999999877e+02,4.788288827807756434e+02,-4.569792318816569605e+03
1.523619999999999948e+02,4.641736255909774513e+02,-4.488191170416622299e+03
1.551990000000000123e+02,4.497001023432982834e+02,-4.408311993728713787e+03
1.580610000000000070e+02,4.364727524158045071e+02,-4.331353756101961153e+03
1.610310000000000059e+02,4.230397169907961370e+02,-4.253786072518028050e+03
1.640240000000000009e+02,4.103661890139242701e+02,-4.177954924902157472e+03
1.671310000000000002e+02,3.979008813845720738e+02,-4.102709973931057903e+03
1.702609999999999957e+02,3.859622331985948449e+02,-4.029156104514238450e+03
1.734099999999999966e+02,3.743464544204203435e+02,-3.957665137548003713e+03
1.765740000000000123e+02,3.636636287946884067e+02,-3.888371031767915156e+03
1.799639999999999986e+02,3.526502501179029991e+02,-3.816953851593149466e+03
1.832620000000000005e+02,3.423508856567983685e+02,-3.749693941535762860e+03
1.866829999999999927e+02,3.323337638087122059e+02,-3.682564645777822079e+03
1.901140000000000043e+02,3.227813015431185022e+02,-3.617477941034904234e+03
1.936730000000000018e+02,3.137775819434758660e+02,-3.552499584513656828e+03
1.973679999999999950e+02,3.043061466733332168e+02,-3.487348294778832042e+03
2.009379999999999882e+02,2.958957787692118018e+02,-3.426457516474786644e+03
2.047779999999999916e+02,2.873431137080308986e+02,-3.363438257364712626e+03
2.086229999999999905e+02,2.791559133274819828e+02,-3.302603027984789605e+03
2.124650000000000034e+02,2.715996733636577574e+02,-3.243899841229496815e+03
2.164499999999999886e+02,2.636307425857444287e+02,-3.185158462943984887e+03
2.204259999999999877e+02,2.565789503551849862e+02,-3.128586465216301349e+03
2.245509999999999877e+02,2.495615394822536928e+02,-3.072110156050926435e+03
2.286589999999999918e+02,2.429703341040589351e+02,-3.017794719715931933e+03
2.329190000000000111e+02,2.375655332447086323e+02,-2.963142021556536292e+03
2.373420000000000130e+02,2.311329534444186891e+02,-2.908781490647253577e+03
2.417410000000000139e+02,2.248812294455990184e+02,-2.856622033844000725e+03
2.463050000000000068e+02,2.189265872292314725e+02,-2.804377616781334837e+03
2.508360000000000127e+02,2.134229295915935722e+02,-2.754383855370297169e+03
2.555370000000000061e+02,2.080023622325639110e+02,-2.704342627369112051e+03
2.601909999999999741e+02,2.027943382015769487e+02,-2.656641103591786305e+03
2.650179999999999723e+02,1.976527676558566498e+02,-2.608783197400271092e+03
2.700269999999999868e+02,1.926020637343579835e+02,-2.560927611363754295e+03
2.752289999999999850e+02,1.876928427509585333e+02,-2.513070671843524451e+03
2.801120000000000232e+02,1.833545605684652173e+02,-2.469783310640580112e+03
2.854420000000000073e+02,1.788438284653011863e+02,-2.424151775904279475e+03
2.906979999999999791e+02,1.746056840287420471e+02,-2.380805891941813570e+03
2.961499999999999773e+02,1.705315856653106721e+02,-2.337277124859282594e+03
3.018109999999999786e+02,1.663779875411436251e+02,-2.293974360201473246e+03
3.073770000000000095e+02,1.625733023656828209e+02,-2.252851700724642797e+03
3.131519999999999868e+02,1.587573113047937454e+02,-2.211639311688791622e+03
3.188100000000000023e+02,1.553743317419478274e+02,-2.172741618586007462e+03
3.250269999999999868e+02,1.517534983926965140e+02,-2.131625050548425406e+03
3.307610000000000241e+02,1.486570374949037046e+02,-2.094892147773540728e+03
3.370790000000000077e+02,1.453023342210566398e+02,-2.055951847215763792e+03
3.432490000000000236e+02,1.422660625953267299e+02,-2.019254544388503518e+03
3.496499999999999773e+02,1.393233815695159308e+02,-1.982620739185393177e+03
3.562950000000000159e+02,1.364230727652979454e+02,-1.945913724016888409e+03
3.627570000000000050e+02,1.337094833176440432e+02,-1.911559360043765082e+03
3.694580000000000268e+02,1.310162289615648774e+02,-1.877103283426005419e+03
3.764119999999999777e+02,1.284419705142588271e+02,-1.842628847655005529e+03
3.836320000000000050e+02,1.259079301457395985e+02,-1.808231789684722571e+03
3.906250000000000000e+02,1.234890026641079714e+02,-1.776042053308711502e+03
3.978779999999999859e+02,1.211489843419134615e+02,-1.743927011228659012e+03
4.054049999999999727e+02,1.189551261372904918e+02,-1.711741667093975138e+03
4.132230000000000132e+02,1.167477483773066780e+02,-1.679426947994115380e+03
4.207570000000000050e+02,1.146907925686468985e+02,-1.649587756683461521e+03
4.285710000000000264e+02,1.126961503082691962e+02,-1.619714158302537271e+03
4.366809999999999832e+02,1.107262232820540504e+02,-1.589758640667724876e+03
4.444440000000000168e+02,1.089474804852905407e+02,-1.562135465123273889e+03
4.531720000000000255e+02,1.070516461776638977e+02,-1.532254947830370838e+03
4.615380000000000109e+02,1.053122500449813259e+02,-1.504639010656862865e+03
4.702189999999999941e+02,1.036352960543132298e+02,-1.476978570430774653e+03
4.784689999999999941e+02,1.021432890439513983e+02,-1.451650855441240083e+03
4.878050000000000068e+02,1.005015365139148713e+02,-1.423987830726913899e+03
4.966890000000000214e+02,9.909553797336134551e+01,-1.398643877780820503e+03
5.059019999999999868e+02,9.760988262131297688e+01,-1.373255354700885164e+03
5.154640000000000555e+02,9.617486425151976448e+01,-1.347943349101215517e+03
5.253940000000000055e+02,9.480879793359333974e+01,-1.322586198413694092e+03
5.347590000000000146e+02,9.357147219505850444e+01,-1.299505527687839049e+03
5.444650000000000318e+02,9.233795636152693476e+01,-1.276434469416654565e+03
5.545289999999999964e+02,9.112770758448006347e+01,-1.253381624650049616e+03
5.649719999999999800e+02,8.996300599238837492e+01,-1.230325277986603624e+03
5.758160000000000309e+02,8.881149205331330165e+01,-1.207247687502139797e+03
5.870839999999999463e+02,8.766441652944801888e+01,-1.184169522566153319e+03
5.976100000000000136e+02,8.667519867797888367e+01,-1.163415789618712779e+03
6.085190000000000055e+02,8.567979782584957604e+01,-1.142652226989700011e+03
6.198350000000000364e+02,8.470650950878275864e+01,-1.121846606647646013e+03
6.315789999999999509e+02,8.375271617408019154e+01,-1.101049215718109508e+03
6.437770000000000437e+02,8.280672190581951497e+01,-1.080260899832634095e+03
6.550220000000000482e+02,8.200106263593524147e+01,-1.061798298796234576e+03
6.681509999999999536e+02,8.106707548987328948e+01,-1.041018308278735049e+03
6.802720000000000482e+02,8.029445917203722161e+01,-1.022542310091015338e+03
6.928410000000000082e+02,7.950705975439629469e+01,-1.004026910171839290e+03
7.058819999999999482e+02,7.873476281824298439e+01,-9.855740514644016912e+02
7.194239999999999782e+02,7.799104341124655093e+01,-9.670782619165963752e+02
7.317069999999999936e+02,7.733347577034443532e+01,-9.508875066243523406e+02
7.462690000000000055e+02,7.658666181734736256e+01,-9.324982307091394205e+02
7.594940000000000282e+02,7.595602294047888847e+01,-9.163112684536108645e+02
7.731960000000000264e+02,7.534987195232500312e+01,-9.001437852147668082e+02
7.894740000000000464e+02,7.465599635973458703e+01,-8.816357501193650705e+02
8.021390000000000100e+02,7.415395519327029206e+01,-8.677623790843864526e+02
8.174389999999999645e+02,7.356102586941261734e+01,-8.515727103477656783e+02
8.333329999999999700e+02,7.299331323388577175e+01,-8.353921275952628775e+02
8.498579999999999472e+02,7.242462154544743669e+01,-8.191876908761499863e+02
8.645529999999999973e+02,7.194449951571279200e+01,-8.053127214873943558e+02
8.797649999999999864e+02,7.148320788484940635e+01,-7.914363448531356653e+02
8.982039999999999509e+02,7.093758455515769867e+01,-7.752452498103292555e+02
9.146340000000000146e+02,7.049601572068695532e+01,-7.613542494059573755e+02
9.316770000000000209e+02,7.005228587583611954e+01,-7.474665395906160938e+02
9.493669999999999618e+02,6.961375302092788786e+01,-7.335803737603271202e+02
9.677419999999999618e+02,6.918254698542227743e+01,-7.196994910944497406e+02
9.836069999999999709e+02,6.883026005591760565e+01,-7.081186590089508854e+02
1.003340000000000032e+03,6.840777036313301096e+01,-6.942327858715294724e+02
1.020409999999999968e+03,6.806881224668165942e+01,-6.826607875917043202e+02
1.041670000000000073e+03,6.766174117241381225e+01,-6.687759601552057802e+02
1.060069999999999936e+03,6.732339263594204226e+01,-6.571956816877197980e+02
1.079140000000000100e+03,6.700044703493175291e+01,-6.456167432410029505e+02
1.098900000000000091e+03,6.667527706235975415e+01,-6.340428880995807503e+02
1.119400000000000091e+03,6.643497769873289371e+01,-6.224496878970771832e+02
1.140680000000000064e+03,6.611102390623698000e+01,-6.108659787605370184e+02
1.162789999999999964e+03,6.580628941954759625e+01,-5.992878143036372194e+02
1.185769999999999982e+03,6.549422844409656363e+01,-5.877089249360710710e+02
1.204819999999999936e+03,6.525579769114020223e+01,-5.784508408392998717e+02
1.229509999999999991e+03,6.495833384454162740e+01,-5.668682994736441287e+02
1.250000000000000000e+03,6.472932842676185317e+01,-5.576065451933113764e+02
1.276599999999999909e+03,6.443859529135497155e+01,-5.460228042681707166e+02
1.298700000000000045e+03,6.421620573994388792e+01,-5.367563134014960724e+02
1.321589999999999918e+03,6.398966175046623306e+01,-5.274929125486530666e+02
1.345289999999999964e+03,6.376533185499664569e+01,-5.182277346393399284e+02
1.376150000000000091e+03,6.349922766922491491e+01,-5.066442319314529641e+02
1.401869999999999891e+03,6.328580767941476637e+01,-4.973769499236611864e+02
1.421799999999999955e+03,6.313034278277228140e+01,-4.904254465299793537e+02
1.449279999999999973e+03,6.292856893715661926e+01,-4.811563568399793667e+02
1.477829999999999927e+03,6.272092337808279439e+01,-4.718869686054072758e+02
1.507539999999999964e+03,6.252145615075896501e+01,-4.626193339515640446e+02
1.530609999999999900e+03,6.237547758175301027e+01,-4.556655648844317170e+02
1.562500000000000000e+03,6.217793335335105098e+01,-4.463924253478168680e+02
1.595740000000000009e+03,6.198956336922503851e+01,-4.371254522837727450e+02
1.621619999999999891e+03,6.185157532335909991e+01,-4.301721351343190349e+02
1.648349999999999909e+03,6.171531118097301771e+01,-4.232188953612960631e+02
1.685390000000000100e+03,6.153196448672179741e+01,-4.139436814476152904e+02
1.714289999999999964e+03,6.139640496148921756e+01,-4.069880576955604283e+02
1.744190000000000055e+03,6.126591983692446775e+01,-4.000336964188585966e+02
1.775150000000000091e+03,6.113349918965252527e+01,-3.930785133950070644e+02
1.807230000000000018e+03,6.100468360192624573e+01,-3.861235581360309652e+02
1.851849999999999909e+03,6.083283999764530137e+01,-3.768475880960642712e+02
1.875000000000000000e+03,6.075124941206698992e+01,-3.722117709904844105e+02
1.910829999999999927e+03,6.062667959282525487e+01,-3.652546361451815073e+02
1.948049999999999955e+03,6.050416771705391739e+01,-3.582963519907321484e+02
1.986759999999999991e+03,6.038690410003128761e+01,-3.513392305083700649e+02
2.027029999999999973e+03,6.026682092282638337e+01,-3.443834447020587959e+02
2.068969999999999800e+03,6.014847120922577517e+01,-3.374259866047559626e+02
2.097900000000000091e+03,6.007304118792740155e+01,-3.327853972433790091e+02
2.142860000000000127e+03,5.995708708373731355e+01,-3.258284442915215209e+02
2.173909999999999854e+03,5.988196441264466330e+01,-3.211885257400749083e+02
2.222219999999999800e+03,5.977146630542382866e+01,-3.142297731146741171e+02
2.255639999999999873e+03,5.969919879679139285e+01,-3.095915739939011928e+02
2.307690000000000055e+03,5.958873202390659429e+01,-3.026301926391070083e+02
2.343750000000000000e+03,5.951979828081357482e+01,-2.979920007258772898e+02
2.400000000000000000e+03,5.942272308530620251e+01,-2.910396500773167645e+02
2.439019999999999982e+03,5.935273146430660773e+01,-2.863995958319877104e+02
2.479340000000000146e+03,5.928295272867520538e+01,-2.817588768783863316e+02
2.521010000000000218e+03,5.921501232438894391e+01,-2.771170139930467258e+02
2.586210000000000036e+03,5.911447894480573950e+01,-2.701560191502016437e+02
2.631579999999999927e+03,5.904839285300694485e+01,-2.655122281599794292e+02
2.678570000000000164e+03,5.898449633281585847e+01,-2.608727869218329261e+02
2.727269999999999982e+03,5.892009909131225243e+01,-2.562288917727076978e+02
2.777780000000000200e+03,5.885573684030527630e+01,-2.515863865195904054e+02
2.830190000000000055e+03,5.879207507752705908e+01,-2.469438876021806379e+02
2.884619999999999891e+03,5.873023257255806584e+01,-2.423009002685983546e+02
2.941179999999999836e+03,5.866695788776240761e+01,-2.376579712868800698e+02
3.000000000000000000e+03,5.860699157060518871e+01,-2.330126465216920622e+02
3.030300000000000182e+03,5.857746142269261469e+01,-2.306931841413459665e+02
3.092780000000000200e+03,5.851645558452685947e+01,-2.260498649122005190e+02
3.157889999999999873e+03,5.845742155406678364e+01,-2.214057901552037890e+02
3.225809999999999945e+03,5.839769118713100937e+01,-2.167623554610266865e+02
3.296699999999999818e+03,5.834068532903007309e+01,-2.121182794111320788e+02
3.333329999999999927e+03,5.831273277192312321e+01,-2.097967771360424933e+02
3.409090000000000146e+03,5.825530727784765617e+01,-2.051522028713402790e+02
3.448280000000000200e+03,5.822671349915932382e+01,-2.028308565383650262e+02
3.529409999999999854e+03,5.817117261578437137e+01,-1.981862202210451755e+02
3.614460000000000036e+03,5.811624417448057756e+01,-1.935397015913069652e+02
3.658539999999999964e+03,5.808799465821967090e+01,-1.912176994751967243e+02
3.750000000000000000e+03,5.803312191302723733e+01,-1.865717504930146617e+02
3.797469999999999800e+03,5.800673333646673768e+01,-1.842496570217487317e+02
3.896099999999999909e+03,5.795292246710640427e+01,-1.796035970172133318e+02
3.947369999999999891e+03,5.792661703817377372e+01,-1.772801428657839153e+02
4.000000000000000000e+03,5.790047301520295520e+01,-1.749570540035918214e+02
4.109590000000000146e+03,5.784999111043045161e+01,-1.703121712900258728e+02
4.166670000000000073e+03,5.782440989416497246e+01,-1.679895210701893689e+02
4.225350000000000364e+03,5.779915564726117339e+01,-1.656646231712240649e+02
4.347829999999999927e+03,5.775328420696389031e+01,-1.610179058592852925e+02
4.411760000000000218e+03,5.772572648907506476e+01,-1.586940584593780272e+02
4.477609999999999673e+03,5.770148836587889463e+01,-1.563705872898171947e+02
4.615380000000000109e+03,5.765276404100992380e+01,-1.517225133176735596e+02
4.687500000000000000e+03,5.762966353383566798e+01,-1.493981200182147120e+02
4.761899999999999636e+03,5.760540426666803882e+01,-1.470740208475777990e+02
4.838710000000000036e+03,5.758195268958291990e+01,-1.447492668321834230e+02
4.918029999999999745e+03,5.755824420018434751e+01,-1.424251522049106029e+02
5.000000000000000000e+03,5.753197073191620348e+01,-1.400970193962096175e+02
5.084750000000000000e+03,5.750736813728538266e+01,-1.377444732064511470e+02
5.263159999999999854e+03,5.746757308732487246e+01,-1.331247086173448793e+02
5.357140000000000327e+03,5.743799179398116195e+01,-1.307959135549523069e+02
5.454550000000000182e+03,5.741360413400447271e+01,-1.284694099205870259e+02
5.555560000000000400e+03,5.739318089580574878e+01,-1.261343921008910200e+02
5.660380000000000109e+03,5.736922573440682527e+01,-1.238125910504851390e+02
5.769229999999999563e+03,5.734024116364499690e+01,-1.214913099455884122e+02
5.882350000000000364e+03,5.732602931636348131e+01,-1.191397001793249188e+02
6.000000000000000000e+03,5.730234032638372810e+01,-1.168354353529754093e+02
6.000000000000000000e+03,5.729075863468555951e+01,-1.168355461795005397e+02
6.122449999999999818e+03,5.727711413112805161e+01,-1.144910326523860675e+02
6.250000000000000000e+03,5.724885514359434779e+01,-1.121804783406977180e+02
6.382979999999999563e+03,5.722872586247245863e+01,-1.098450036057989081e+02
6.521739999999999782e+03,5.720012332687338130e+01,-1.075320523955089271e+02
6.666670000000000073e+03,5.717968756671624675e+01,-1.052041417947635438e+02
6.818180000000000291e+03,5.715733735108879898e+01,-1.028773031719524909e+02
6.976739999999999782e+03,5.713591883386516912e+01,-1.005332780924305354e+02
6.976739999999999782e+03,5.713636655638195805e+01,-1.005295729660419823e+02
7.142859999999999673e+03,5.711335930692182217e+01,-9.822203718452620080e+01
7.317069999999999709e+03,5.709500748335442211e+01,-9.587513684201812225e+01
7.500000000000000000e+03,5.706859852118778065e+01,-9.356643346749667955e+01
7.500000000000000000e+03,5.706859852118778065e+01,-9.356643346749667955e+01
7.692310000000000400e+03,5.704500214731696417e+01,-9.123863516083855529e+01
7.894739999999999782e+03,5.702494543517953929e+01,-8.891010895345250731e+01
8.108109999999999673e+03,5.700265074161416123e+01,-8.658117999559462419e+01
8.108109999999999673e+03,5.700320063647087920e+01,-8.658201522948196782e+01
8.333329999999999927e+03,5.698163690084713551e+01,-8.425335260451073793e+01
8.571430000000000291e+03,5.695929940482076859e+01,-8.192378780379959835e+01
8.571430000000000291e+03,5.695961364535035187e+01,-8.192393470611879991e+01
8.823530000000000655e+03,5.693813658989642335e+01,-7.959431208265009161e+01
9.090909999999999854e+03,5.691644269393906086e+01,-7.726534881534897181e+01
9.090909999999999854e+03,5.691657754732583641e+01,-7.726524947729893711e+01
9.375000000000000000e+03,5.690009155835306132e+01,-7.493485443244044575e+01
9.375000000000000000e+03,5.689896367486635853e+01,-7.493445524380783240e+01
9.677420000000000073e+03,5.687855176029390947e+01,-7.260356075160203204e+01
1.000000000000000000e+04,5.685488458232108400e+01,-7.027361091455985331e+01
1.000000000000000000e+04,5.685451348617795020e+01,-7.027365388970470406e+01
1.034479999999999927e+04,5.683297064487215522e+01,-6.794327133954546127e+01
1.034479999999999927e+04,5.683289674588012019e+01,-6.794294203728692594e+01
1.071429999999999927e+04,5.681121432143107342e+01,-6.561057092637149424e+01
1.071429999999999927e+04,5.681105075602864218e+01,-6.561084483289280911e+01
1.111110000000000036e+04,5.678951117607409316e+01,-6.327916766576939267e+01
1.111110000000000036e+04,5.678960110654369231e+01,-6.327949005420041573e+01
1.153850000000000000e+04,5.676757903505720293e+01,-6.094696716932298131e+01
1.153850000000000000e+04,5.676747266244611723e+01,-6.094706624734640599e+01
1.200000000000000000e+04,5.674655612712698627e+01,-5.861355637112311001e+01
1.200000000000000000e+04,5.674690391302819137e+01,-5.861391559941671403e+01
1.250000000000000000e+04,5.672520855108638926e+01,-5.628103730783358571e+01
1.250000000000000000e+04,5.672551974448417411e+01,-5.628114959982725907e+01
1.304350000000000000e+04,5.670339070021095296e+01,-5.394697939559943478e+01
1.304350000000000000e+04,5.670368049891358453e+01,-5.394725510688312653e+01
1.304350000000000000e+04,5.670368049891358453e+01,-5.394725510688312653e+01
1.363639999999999964e+04,5.668201680237792317e+01,-5.161302714639924716e+01
1.363639999999999964e+04,5.668170490243331727e+01,-5.161292409313260521e+01
1.428570000000000073e+04,5.665951387283903529e+01,-4.927837019112502759e+01
1.428570000000000073e+04,5.665966478177319487e+01,-4.927850144086252726e+01
1.428570000000000073e+04,5.665951387283903529e+01,-4.927837019112502759e+01
1.500000000000000000e+04,5.664027481487075733e+01,-4.694189349499992403e+01
1.500000000000000000e+04,5.664066965698017952e+01,-4.694188721492613325e+01
1.578950000000000000e+04,5.661840529968423397e+01,-4.460583772647575529e+01
1.578950000000000000e+04,5.661856170250199938e+01,-4.460580079350636851e+01
1.578950000000000000e+04,5.661863955422469985e+01,-4.460570197540648962e+01
1.666670000000000073e+04,5.659658961153618151e+01,-4.226914048751590514e+01
1.666670000000000073e+04,5.659643571699194808e+01,-4.226917942866170819e+01
1.666670000000000073e+04,5.659627547521061075e+01,-4.226905975171524688e+01
1.764709999999999854e+04,5.657411402986889470e+01,-3.993157247273629906e+01
1.764709999999999854e+04,5.657388093845680288e+01,-3.993155588217560137e+01
1.764709999999999854e+04,5.657411402986889470e+01,-3.993157247273629906e+01
1.875000000000000000e+04,5.655156967719473471e+01,-3.759326340297407398e+01
1.875000000000000000e+04,5.655110533952581164e+01,-3.759323936345278838e+01
1.875000000000000000e+04,5.655130217649163171e+01,-3.759294326204232561e+01
2.000000000000000000e+04,5.653170922293165290e+01,-3.525171464161573454e+01
2.000000000000000000e+04,5.653164769699679937e+01,-3.525181330800781865e+01
2.000000000000000000e+04,5.653194045720211136e+01,-3.525172180054975968e+01
2.000000000000000000e+04,5.653156284292758471e+01,-3.525176039499487501e+01
2.142859999999999854e+04,5.650865339206036708e+01,-3.291179977312066285e+01
2.142859999999999854e+04,5.650848056766009364e+01,-3.291169911664211867e+01
2.142859999999999854e+04,5.650845209583787465e+01,-3.291194669679074991e+01
2.307690000000000146e+04,5.648456983530311248e+01,-3.057040264832582110e+01
2.307690000000000146e+04,5.648465778106052682e+01,-3.057045024605424643e+01
2.307690000000000146e+04,5.648419928734918471e+01,-3.057045702237735085e+01
2.307690000000000146e+04,5.648448188954569105e+01,-3.057035505059738867e+01
2.307690000000000146e+04,5.648446312412301040e+01,-3.057059981648361457e+01
2.500000000000000000e+04,5.646233775126530219e+01,-2.822420800221046377e+01
2.500000000000000000e+04,5.646206940987647727e+01,-2.822407386459811462e+01
2.500000000000000000e+04,5.646233775126530219e+01,-2.822420800221046377e+01
2.500000000000000000e+04,5.646225737742162920e+01,-2.822392148684864921e+01
2.608700000000000000e+04,5.644992065915843682e+01,-2.705232753137366331e+01
2.608700000000000000e+04,5.645023841296222855e+01,-2.705235865649654770e+01
2.727270000000000073e+04,5.643807773091824487e+01,-2.588024928471188346e+01
2.727270000000000073e+04,5.643762323754800292e+01,-2.588004087219690774e+01
2.727270000000000073e+04,5.643789649293361066e+01,-2.588040460778989882e+01
2.857140000000000146e+04,5.642555056480768627e+01,-2.470720964209294479e+01
2.857140000000000146e+04,5.642550744250602435e+01,-2.470730812321927061e+01
3.000000000000000000e+04,5.641614480660613395e+01,-2.352988274769015931e+01
3.000000000000000000e+04,5.641609357960815885e+01,-2.352974578925354621e+01
3.000000000000000000e+04,5.641604235230395403e+01,-2.352960883106742429e+01
3.157890000000000146e+04,5.640351199299809792e+01,-2.235530558269601542e+01
3.157890000000000146e+04,5.640343395791692416e+01,-2.235550246795860829e+01
3.333330000000000291e+04,5.639110264784627446e+01,-2.118074699934034300e+01
3.333330000000000291e+04,5.639097206614201951e+01,-2.118081025824060504e+01
3.333330000000000291e+04,5.639078483765992189e+01,-2.118073993402364508e+01
3.529409999999999854e+04,5.637808534211355038e+01,-2.000517697990602883e+01
3.529409999999999854e+04,5.637815517301122270e+01,-2.000498018314111448e+01
3.529409999999999854e+04,5.637793177203502637e+01,-2.000501169976573834e+01
3.529409999999999854e+04,5.637816907962530166e+01,-2.000553905770054186e+01
3.750000000000000000e+04,5.636495359112365122e+01,-1.882882576159428467e+01
3.750000000000000000e+04,5.636504843898428163e+01,-1.882885744571230191e+01
3.750000000000000000e+04,5.636485874326302792e+01,-1.882879407747626743e+01
4.000000000000000000e+04,5.635519363633008538e+01,-1.764541781374817120e+01
4.000000000000000000e+04,5.635525523011449422e+01,-1.764522109690476270e+01
4.000000000000000000e+04,5.635525523011449422e+01,-1.764522109690476270e+01
4.285709999999999854e+04,5.634146918981458185e+01,-1.646707294855931991e+01
4.285709999999999854e+04,5.634168989898917346e+01,-1.646703072099342791e+01
4.285709999999999854e+04,5.634152667039955276e+01,-1.646687627963044420e+01
4.285709999999999854e+04,5.634162265484666676e+01,-1.646690433289965227e+01
4.615380000000000291e+04,5.632751842732351122e+01,-1.528748634862938083e+01
4.615380000000000291e+04,5.632744860015030497e+01,-1.528736184589823921e+01
4.615380000000000291e+04,5.632754510893484223e+01,-1.528738803854049699e+01
4.615380000000000291e+04,5.632747528154433070e+01,-1.528726353593122234e+01
5.000000000000000000e+04,5.631545831998970186e+01,-1.409845402054789076e+01
5.000000000000000000e+04,5.631567693904309380e+01,-1.409840430181126436e+01
5.000000000000000000e+04,5.631584634521006905e+01,-1.409855116182830237e+01
5.000000000000000000e+04,5.631574933890497192e+01,-1.409852687650819902e+01
5.217390000000000146e+04,5.630857903779889284e+01,-1.350778827025194140e+01
5.217390000000000146e+04,5.630860261325112504e+01,-1.350768999322123243e+01
5.217390000000000146e+04,5.630855252233178021e+01,-1.350747011248971496e+01
5.454550000000000000e+04,5.630154766683520506e+01,-1.291659908641138976e+01
5.454550000000000000e+04,5.630127780667668702e+01,-1.291643373944274664e+01
5.714290000000000146e+04,5.629366438622483315e+01,-1.232454782014668204e+01
5.714290000000000146e+04,5.629385975875641179e+01,-1.232459059366541432e+01
5.714290000000000146e+04,5.629393593443064958e+01,-1.232471023189664905e+01
6.000000000000000000e+04,5.628921255331262330e+01,-1.172303540590033677e+01
6.000000000000000000e+04,5.628952671206175040e+01,-1.172299832901494199e+01
6.315790000000000146e+04,5.628164816420352423e+01,-1.112946953681107587e+01
6.315790000000000146e+04,5.628153063920269972e+01,-1.112954836767816325e+01
6.315790000000000146e+04,5.628149178940716268e+01,-1.112974482721389968e+01
6.666669999999999709e+04,5.627400274019894511e+01,-1.053535801413894646e+01
6.666669999999999709e+04,5.627376938008239193e+01,-1.053551764306347849e+01
6.666669999999999709e+04,5.627408264469517007e+01,-1.053547463278320961e+01
7.058819999999999709e+04,5.626571936484270964e+01,-9.940100268949187523e+00
7.058819999999999709e+04,5.626560354093702188e+01,-9.940181074009407425e+00
7.058819999999999709e+04,5.626571936484270964e+01,-9.940100268949187523e+00
7.500000000000000000e+04,5.626043351729962438e+01,-9.332377675893178903e+00
7.500000000000000000e+04,5.626051099460184446e+01,-9.332521691176788536e+00
7.500000000000000000e+04,5.626065688204133153e+01,-9.332253294955949130e+00
8.000000000000000000e+04,5.625273103305765687e+01,-8.733809261282953429e+00
8.000000000000000000e+04,5.625263983863342077e+01,-8.733744829395451603e+00
8.000000000000000000e+04,5.625270816780570016e+01,-8.733956530558488751e+00
8.000000000000000000e+04,5.625292714086580759e+01,-8.733849763674854216e+00
8.571430000000000291e+04,5.624442395963978925e+01,-8.133685738845466418e+00
8.571430000000000291e+04,5.624469957680891241e+01,-8.133875924460088669e+00
8.571430000000000291e+04,5.624450589480612450e+01,-8.133817849516848497e+00
8.571430000000000291e+04,5.624471235340194397e+01,-8.133787575482557486e+00
9.230769999999999709e+04,5.623618979235801163e+01,-7.531642883719905868e+00
9.230769999999999709e+04,5.623625604381501120e+01,-7.531901535102499601e+00
9.230769999999999709e+04,5.623629285095810104e+01,-7.531626712821012148e+00
9.230769999999999709e+04,5.623628627835247329e+01,-7.531675788241614100e+00
1.000000000000000000e+05,5.622933624971398814e+01,-6.912223352626912565e+00
1.000000000000000000e+05,5.622942947050763252e+01,-6.912284623133530204e+00
1.000000000000000000e+05,5.622961108611829673e+01,-6.912446420326367580e+00
1.000000000000000000e+05,5.622951303972675419e+01,-6.912424405025996421e+00
1.043480000000000000e+05,5.622497807198141118e+01,-6.610070320746182837e+00
1.043480000000000000e+05,5.622548964979170449e+01,-6.610001129437488743e+00
1.090910000000000000e+05,5.622071222004544211e+01,-6.307226413474695370e+00
1.090910000000000000e+05,5.622063265788542452e+01,-6.307038642430200071e+00
1.090910000000000000e+05,5.622051897093049888e+01,-6.307155054320770837e+00
1.142860000000000000e+05,5.621554105950327340e+01,-6.003480859243402357e+00
1.142860000000000000e+05,5.621617643503569184e+01,-6.003181545225657167e+00
1.200000000000000000e+05,5.621269081827009728e+01,-5.681697966239729780e+00
1.200000000000000000e+05,5.621259231683783497e+01,-5.681678099028863116e+00
1.200000000000000000e+05,5.621268090175081511e+01,-5.681796075884695263e+00
1.263160000000000000e+05,5.620795285896959115e+01,-5.375360710115370644e+00
1.263160000000000000e+05,5.620791720699109817e+01,-5.375733495257558836e+00
1.263160000000000000e+05,5.620827495047011269e+01,-5.375144015033792577e+00
1.333330000000000000e+05,5.620322020900382398e+01,-5.067383109478130976e+00
1.333330000000000000e+05,5.620320871133159102e+01,-5.067510630526659732e+00
1.333330000000000000e+05,5.620313299476286062e+01,-5.067236799578060058e+00
1.411760000000000000e+05,5.619764241537937721e+01,-4.757977368919712013e+00
1.411760000000000000e+05,5.619773624586787975e+01,-4.758054463734881168e+00
1.411760000000000000e+05,5.619793055018920569e+01,-4.758130186965302322e+00
1.500000000000000000e+05,5.619297993584293494e+01,-4.427072208576859680e+00
1.500000000000000000e+05,5.619286247291857705e+01,-4.427289927219463017e+00
1.500000000000000000e+05,5.619276432726337589e+01,-4.427262457844171273e+00
1.600000000000000000e+05,5.618906348272818008e+01,-4.111674771178135401e+00
1.600000000000000000e+05,5.618916034555508787e+01,-4.111721296671182024e+00
1.600000000000000000e+05,5.618929093548063491e+01,-4.111306899018148719e+00
1.714290000000000000e+05,5.618435362767746710e+01,-3.792397168030433363e+00
1.714290000000000000e+05,5.618432847431127897e+01,-3.792769796691409123e+00
1.714290000000000000e+05,5.618432979823426621e+01,-3.792750184660779844e+00
1.714290000000000000e+05,5.618432582644475559e+01,-3.792809020751280347e+00
1.846150000000000000e+05,5.617771408036242775e+01,-3.470324443773034506e+00
1.846150000000000000e+05,5.617784296110750830e+01,-3.469859975149356401e+00
1.846150000000000000e+05,5.617781934121843790e+01,-3.470242365516242433e+00
1.846150000000000000e+05,5.617771650309224185e+01,-3.470285224329111351e+00
2.000000000000000000e+05,5.616806661740113782e+01,-3.124430583832515040e+00
2.000000000000000000e+05,5.616805080251739923e+01,-3.124714875924608393e+00
2.000000000000000000e+05,5.616776108192454586e+01,-3.124521756020032903e+00
2.000000000000000000e+05,5.616785492879154873e+01,-3.124635144817172527e+00
2.000000000000000000e+05,5.616796568112465593e+01,-3.124444636091971095e+00
