# Tiempo [s], Voltage [V], Corriente [A]
#  Vpos=7, Vneg=7, stepPos=0.09333333333333334, stepNeg=0.09333333333333334, rev=0, hslV=0.3, hslF=1, cycles=1, T=0.25, pw=0.025, limitI=0.0005, rangeI=1e-08, limitV=0.5, rangeV=20, nlpc=0.01
0.000000000000000000e+00,3.001280000000000059e-01,2.126979999999999843e-02
2.505490000000000217e-01,9.333619999999999417e-02,6.619520000000000265e-03
5.005490000000000217e-01,3.002170000000000116e-01,2.126259999999999956e-02
7.500000000000000000e-01,1.866770000000000096e-01,1.322839999999999953e-02
1.000000000000000000e+00,3.002409999999999801e-01,2.126760000000000109e-02
1.250000000000000000e+00,2.801620000000000221e-01,1.985009999999999900e-02
1.500000000000000000e+00,3.003709999999999991e-01,2.128230000000000052e-02
1.750000000000000000e+00,3.736070000000000224e-01,2.647750000000000103e-02
2.000000000000000000e+00,3.001929999999999876e-01,2.127659999999999968e-02
2.250000000000000000e+00,4.669619999999999882e-01,3.308989999999999848e-02
2.500000000000000000e+00,3.003060000000000174e-01,2.127369999999999955e-02
2.750000000000000000e+00,5.602690000000000170e-01,3.972090000000000343e-02
3.000000000000000000e+00,3.002819999999999934e-01,2.129090000000000149e-02
3.250000000000000000e+00,6.536250000000000115e-01,4.641080000000000205e-02
3.500000000000000000e+00,3.000309999999999921e-01,2.131610000000000102e-02
3.750000000000000000e+00,7.470050000000000301e-01,5.325280000000000291e-02
4.000000000000000000e+00,3.002170000000000116e-01,2.141919999999999935e-02
4.250000000000000000e+00,8.402629999999999821e-01,6.029260000000000175e-02
4.500000000000000000e+00,3.001280000000000059e-01,2.152880000000000071e-02
4.750000000000000000e+00,9.337480000000000224e-01,6.749299999999999744e-02
5.000000000000000000e+00,3.001599999999999824e-01,2.170230000000000076e-02
5.250000000000000000e+00,1.027199999999999891e+00,7.490969999999999573e-02
5.500000000000000000e+00,3.001929999999999876e-01,2.189730000000000149e-02
5.750000000000000000e+00,1.120440000000000103e+00,8.225129999999999941e-02
6.000000000000000000e+00,3.001929999999999876e-01,2.204570000000000141e-02
6.250000000000000000e+00,1.213850000000000096e+00,8.959540000000000559e-02
6.500000000000000000e+00,3.003219999999999779e-01,2.217569999999999958e-02
6.750000000000000000e+00,1.307109999999999994e+00,9.685789999999999678e-02
7.000000000000000000e+00,3.001770000000000271e-01,2.224510000000000029e-02
7.250530000000000364e+00,1.348070000000000102e+00,9.959199999999999997e-02
7.501120000000000232e+00,3.002170000000000116e-01,2.226840000000000069e-02
7.750519999999999854e+00,1.347750000000000004e+00,9.960639999999999772e-02
8.001120000000000232e+00,3.002580000000000249e-01,2.224720000000000170e-02
8.250519999999999854e+00,1.348759999999999959e+00,9.957280000000000297e-02
8.501120000000000232e+00,3.002580000000000249e-01,2.225299999999999848e-02
8.750519999999999854e+00,1.350430000000000019e+00,9.959690000000000210e-02
9.001129999999999853e+00,3.002659999999999774e-01,2.221199999999999911e-02
9.250519999999999854e+00,1.351580000000000004e+00,9.957749999999999935e-02
9.501120000000000232e+00,3.001770000000000271e-01,2.219549999999999995e-02
9.750519999999999854e+00,1.351960000000000051e+00,9.957280000000000297e-02
1.000109999999999921e+01,3.001770000000000271e-01,2.218470000000000164e-02
1.025050000000000061e+01,1.351269999999999971e+00,9.958240000000000147e-02
1.050109999999999921e+01,3.002980000000000094e-01,2.218689999999999898e-02
1.075050000000000061e+01,1.355480000000000018e+00,9.960159999999999847e-02
1.100109999999999921e+01,3.001849999999999796e-01,2.214910000000000143e-02
1.125050000000000061e+01,1.355620000000000047e+00,9.959199999999999997e-02
1.150109999999999921e+01,3.001770000000000271e-01,2.214270000000000127e-02
1.175050000000000061e+01,1.358279999999999932e+00,9.959199999999999997e-02
1.200109999999999921e+01,3.003140000000000254e-01,2.210960000000000009e-02
1.225050000000000061e+01,1.359220000000000095e+00,9.961609999999999909e-02
1.250109999999999921e+01,3.002170000000000116e-01,2.209629999999999928e-02
1.275050000000000061e+01,1.360880000000000090e+00,9.961129999999999984e-02
1.300109999999999921e+01,3.002250000000000196e-01,2.207620000000000068e-02
1.325050000000000061e+01,1.360370000000000079e+00,9.956310000000000160e-02
1.350109999999999921e+01,3.002659999999999774e-01,2.206620000000000109e-02
1.375050000000000061e+01,1.359220000000000095e+00,9.955360000000000598e-02
1.400109999999999921e+01,3.001119999999999899e-01,2.207049999999999984e-02
1.425050000000000061e+01,1.361450000000000049e+00,9.952469999999999373e-02
1.450109999999999921e+01,3.000789999999999846e-01,2.206620000000000109e-02
1.475050000000000061e+01,1.361450000000000049e+00,9.954390000000000460e-02
1.500109999999999921e+01,3.001690000000000191e-01,2.202410000000000131e-02
1.525099999999999945e+01,1.361269999999999980e+00,9.961209999999999509e-02
1.550109999999999921e+01,3.001759999999999984e-01,2.202569999999999875e-02
1.575050000000000061e+01,1.362789999999999946e+00,9.963139999999999497e-02
1.600110000000000099e+01,3.001599999999999824e-01,2.201809999999999878e-02
1.625049999999999883e+01,1.363429999999999920e+00,9.962650000000000672e-02
1.650110000000000099e+01,3.001280000000000059e-01,2.201349999999999835e-02
1.675049999999999883e+01,1.363790000000000058e+00,9.964589999999999559e-02
1.700110000000000099e+01,3.000140000000000029e-01,2.200380000000000044e-02
1.725049999999999883e+01,1.363650000000000029e+00,9.965060000000000584e-02
1.750110000000000099e+01,2.999899999999999789e-01,2.198939999999999922e-02
1.775049999999999883e+01,1.364149999999999974e+00,9.964589999999999559e-02
1.800110000000000099e+01,2.999660000000000104e-01,2.198150000000000104e-02
1.825049999999999883e+01,1.362500000000000044e+00,9.964099999999999346e-02
1.850110000000000099e+01,3.000950000000000006e-01,2.198690000000000019e-02
1.875049999999999883e+01,1.362789999999999946e+00,9.966980000000000284e-02
1.900110000000000099e+01,3.000789999999999846e-01,2.198510000000000048e-02
1.925049999999999883e+01,1.365520000000000067e+00,9.965060000000000584e-02
1.950110000000000099e+01,3.000470000000000081e-01,2.197400000000000048e-02
1.975049999999999883e+01,1.364509999999999890e+00,9.964099999999999346e-02
2.000110000000000099e+01,2.999660000000000104e-01,2.195710000000000023e-02
2.025049999999999883e+01,1.365089999999999915e+00,9.970829999999999971e-02
2.050110000000000099e+01,2.999740000000000184e-01,2.194339999999999832e-02
2.075049999999999883e+01,1.366030000000000078e+00,9.967950000000000421e-02
2.100110000000000099e+01,2.999089999999999812e-01,2.193619999999999945e-02
2.125049999999999883e+01,1.366749999999999909e+00,9.958820000000000172e-02
2.150110000000000099e+01,3.000550000000000161e-01,2.192619999999999986e-02
2.175049999999999883e+01,1.366819999999999924e+00,9.968420000000000059e-02
2.200110000000000099e+01,2.999660000000000104e-01,2.193979999999999889e-02
2.225049999999999883e+01,1.366030000000000078e+00,9.965060000000000584e-02
2.250110000000000099e+01,3.000300000000000189e-01,2.193729999999999986e-02
2.275049999999999883e+01,1.366530000000000022e+00,9.969390000000000196e-02
2.300110000000000099e+01,2.999089999999999812e-01,2.192370000000000083e-02
2.325049999999999883e+01,1.367760000000000087e+00,9.969390000000000196e-02
2.350110000000000099e+01,2.999820000000000264e-01,2.191469999999999876e-02
2.375049999999999883e+01,1.367250000000000076e+00,9.964099999999999346e-02
2.400110000000000099e+01,2.999899999999999789e-01,2.190359999999999877e-02
2.425049999999999883e+01,1.368039999999999923e+00,9.971309999999999896e-02
2.450110000000000099e+01,3.000470000000000081e-01,2.189129999999999895e-02
2.475049999999999883e+01,1.369560000000000111e+00,9.966029999999999334e-02
2.500110000000000099e+01,3.001599999999999824e-01,2.187549999999999911e-02
2.525049999999999883e+01,1.369629999999999903e+00,9.966500000000000359e-02
2.550110000000000099e+01,2.999330000000000052e-01,2.187479999999999980e-02
2.575049999999999883e+01,1.370349999999999957e+00,9.966500000000000359e-02
2.600110000000000099e+01,3.001199999999999979e-01,2.186549999999999952e-02
2.625049999999999883e+01,1.371790000000000065e+00,9.965540000000000509e-02
2.650110000000000099e+01,2.999490000000000212e-01,2.184140000000000040e-02
2.675049999999999883e+01,1.372649999999999926e+00,9.966500000000000359e-02
2.700110000000000099e+01,2.999660000000000104e-01,2.183819999999999859e-02
2.725049999999999883e+01,1.372730000000000006e+00,9.962179999999999647e-02
2.750110000000000099e+01,3.000220000000000109e-01,2.182059999999999902e-02
2.775049999999999883e+01,1.372730000000000006e+00,9.969390000000000196e-02
2.800110000000000099e+01,2.999979999999999869e-01,2.180259999999999837e-02
2.825049999999999883e+01,1.372219999999999995e+00,9.966500000000000359e-02
2.850110000000000099e+01,3.000550000000000161e-01,2.181989999999999971e-02
2.875049999999999883e+01,1.375099999999999989e+00,9.966500000000000359e-02
2.900110000000000099e+01,3.000869999999999926e-01,2.179970000000000172e-02
2.925049999999999883e+01,1.375180000000000069e+00,9.963139999999999497e-02
2.950110000000000099e+01,2.998759999999999759e-01,2.179259999999999878e-02
2.975049999999999883e+01,1.375389999999999890e+00,9.967950000000000421e-02
3.000110000000000099e+01,3.000630000000000241e-01,2.179290000000000047e-02
3.025049999999999883e+01,1.377050000000000107e+00,9.966980000000000284e-02
3.050110000000000099e+01,2.999089999999999812e-01,2.177350000000000119e-02
3.075049999999999883e+01,1.375830000000000108e+00,9.965060000000000584e-02
3.100110000000000099e+01,3.000630000000000241e-01,2.177750000000000172e-02
3.125100000000000122e+01,1.375899999999999901e+00,9.965519999999999934e-02
3.150110000000000099e+01,3.000090000000000257e-01,2.175979999999999928e-02
3.175049999999999883e+01,1.376700000000000035e+00,9.971280000000000421e-02
3.200110000000000099e+01,2.999040000000000039e-01,2.175229999999999872e-02
3.225050000000000239e+01,1.377420000000000089e+00,9.966469999999999496e-02
3.250110000000000099e+01,3.000659999999999994e-01,2.175150000000000000e-02
3.275050000000000239e+01,1.378060000000000063e+00,9.968879999999999408e-02
3.300110000000000099e+01,2.998879999999999879e-01,2.173749999999999988e-02
3.325050000000000239e+01,1.378349999999999964e+00,9.967910000000000659e-02
3.350110000000000099e+01,2.999609999999999776e-01,2.171599999999999919e-02
3.375050000000000239e+01,1.379070000000000018e+00,9.970800000000000496e-02
3.400110000000000099e+01,3.001150000000000206e-01,2.170230000000000076e-02
3.425050000000000239e+01,1.379070000000000018e+00,9.967429999999999346e-02
3.450110000000000099e+01,2.999279999999999724e-01,2.169909999999999894e-02
3.475050000000000239e+01,1.379650000000000043e+00,9.969350000000000434e-02
3.500110000000000099e+01,2.999120000000000119e-01,2.168580000000000160e-02
3.525050000000000239e+01,1.380300000000000082e+00,9.970800000000000496e-02
3.550110000000000099e+01,3.000249999999999861e-01,2.167289999999999842e-02
3.575050000000000239e+01,1.379650000000000043e+00,9.967429999999999346e-02
3.600110000000000099e+01,2.999689999999999857e-01,2.168039999999999898e-02
3.625050000000000239e+01,1.380880000000000107e+00,9.968399999999999483e-02
3.650110000000000099e+01,3.000499999999999834e-01,2.167289999999999842e-02
3.675050000000000239e+01,1.380589999999999984e+00,9.971280000000000421e-02
3.700110000000000099e+01,3.000010000000000177e-01,2.167219999999999910e-02
3.725050000000000239e+01,1.382959999999999967e+00,9.969840000000000646e-02
3.750110000000000099e+01,2.999689999999999857e-01,2.165560000000000054e-02
3.775050000000000239e+01,1.381159999999999943e+00,9.968879999999999408e-02
3.800110000000000099e+01,3.000740000000000074e-01,2.166459999999999914e-02
3.825050000000000239e+01,1.383469999999999978e+00,9.970320000000000571e-02
3.850110000000000099e+01,2.998469999999999747e-01,2.166600000000000123e-02
3.875050000000000239e+01,1.382679999999999909e+00,9.966959999999999709e-02
3.900110000000000099e+01,2.998959999999999959e-01,2.163589999999999958e-02
3.925050000000000239e+01,1.383110000000000062e+00,9.969350000000000434e-02
3.950110000000000099e+01,2.999200000000000199e-01,2.163980000000000070e-02
3.975050000000000239e+01,1.383250000000000091e+00,9.972240000000000271e-02
4.000110000000000099e+01,2.999769999999999937e-01,2.161580000000000099e-02
4.025050000000000239e+01,1.385199999999999987e+00,9.970320000000000571e-02
4.050110000000000099e+01,2.999930000000000097e-01,2.161470000000000058e-02
4.075050000000000239e+01,1.385270000000000001e+00,9.972730000000000483e-02
4.100110000000000099e+01,3.000900000000000234e-01,2.160640000000000130e-02
4.125050000000000239e+01,1.386200000000000099e+00,9.968399999999999483e-02
4.150110000000000099e+01,2.998720000000000274e-01,2.159350000000000158e-02
4.175050000000000239e+01,1.385270000000000001e+00,9.976569999999999883e-02
4.200110000000000099e+01,2.998959999999999959e-01,2.158850000000000005e-02
4.225050000000000239e+01,1.385119999999999907e+00,9.965519999999999934e-02
4.250110000000000099e+01,3.001309999999999811e-01,2.158490000000000061e-02
4.275050000000000239e+01,1.387999999999999901e+00,9.973680000000000045e-02
4.300110000000000099e+01,2.999609999999999776e-01,2.155539999999999887e-02
4.325050000000000239e+01,1.387280000000000069e+00,9.970320000000000571e-02
4.350110000000000099e+01,2.999850000000000017e-01,2.153570000000000137e-02
4.375050000000000239e+01,1.388870000000000049e+00,9.969840000000000646e-02
4.400110000000000099e+01,2.999040000000000039e-01,2.152089999999999906e-02
4.425050000000000239e+01,1.389369999999999994e+00,9.972730000000000483e-02
4.450110000000000099e+01,2.999769999999999937e-01,2.150689999999999893e-02
4.475050000000000239e+01,1.392830000000000013e+00,9.971280000000000421e-02
4.500110000000000099e+01,2.999530000000000252e-01,2.148030000000000078e-02
4.525050000000000239e+01,1.393909999999999982e+00,9.972730000000000483e-02
4.550110000000000099e+01,2.999120000000000119e-01,2.146170000000000022e-02
4.575050000000000239e+01,1.394630000000000036e+00,9.977529999999999732e-02
4.600110000000000099e+01,2.999359999999999804e-01,2.142929999999999835e-02
4.625050000000000239e+01,1.395420000000000105e+00,9.974650000000000183e-02
4.650110000000000099e+01,2.998959999999999959e-01,2.142319999999999988e-02
4.675050000000000239e+01,1.395999999999999908e+00,9.968399999999999483e-02
4.700110000000000099e+01,2.999850000000000017e-01,2.141530000000000170e-02
4.725099999999999767e+01,1.398470000000000102e+00,9.969519999999999771e-02
4.750110000000000099e+01,2.999479999999999924e-01,2.138620000000000104e-02
4.775050000000000239e+01,1.398609999999999909e+00,9.970489999999999908e-02
4.800110000000000099e+01,2.999160000000000159e-01,2.139200000000000129e-02
4.825050000000000239e+01,1.400199999999999889e+00,9.967600000000000071e-02
4.850110000000000099e+01,2.997940000000000049e-01,2.136429999999999926e-02
4.875050000000000239e+01,1.401569999999999983e+00,9.971929999999999683e-02
4.900110000000000099e+01,2.999970000000000137e-01,2.131910000000000055e-02
4.925050000000000239e+01,1.401710000000000012e+00,9.962790000000000534e-02
4.950110000000000099e+01,3.000780000000000114e-01,2.132409999999999861e-02
4.975050000000000239e+01,1.403580000000000050e+00,9.961830000000000684e-02
5.000110000000000099e+01,3.000289999999999901e-01,2.131479999999999833e-02
5.025050000000000239e+01,1.403370000000000006e+00,9.966160000000000296e-02
5.050110000000000099e+01,2.999069999999999792e-01,2.129249999999999893e-02
5.075050000000000239e+01,1.404230000000000089e+00,9.966640000000000221e-02
5.100110000000000099e+01,3.000530000000000141e-01,2.127990000000000090e-02
5.125050000000000239e+01,1.405170000000000030e+00,9.969039999999999846e-02
5.150110000000000099e+01,3.000209999999999821e-01,2.127129999999999993e-02
5.175050000000000239e+01,1.406179999999999986e+00,9.970489999999999908e-02
5.200110000000000099e+01,2.999560000000000004e-01,2.124940000000000162e-02
5.225050000000000239e+01,1.406390000000000029e+00,9.970959999999999546e-02
5.250110000000000099e+01,2.999560000000000004e-01,2.123569999999999972e-02
5.275050000000000239e+01,1.408770000000000078e+00,9.963270000000000459e-02
5.300110000000000099e+01,3.000450000000000061e-01,2.122860000000000025e-02
5.325050000000000239e+01,1.408549999999999969e+00,9.963270000000000459e-02
5.350110000000000099e+01,2.998509999999999787e-01,2.122889999999999847e-02
5.375050000000000239e+01,1.411859999999999893e+00,9.964230000000000309e-02
5.400110000000000099e+01,2.999640000000000084e-01,2.118690000000000156e-02
5.425050000000000239e+01,1.411000000000000032e+00,9.964720000000000522e-02
5.450110000000000099e+01,2.999560000000000004e-01,2.118079999999999963e-02
5.475050000000000239e+01,1.410709999999999908e+00,9.964230000000000309e-02
5.500110000000000099e+01,3.002400000000000069e-01,2.117720000000000019e-02
5.525050000000000239e+01,1.411939999999999973e+00,9.959899999999999309e-02
5.550110000000000099e+01,2.999319999999999764e-01,2.115380000000000038e-02
5.575050000000000239e+01,1.412730000000000041e+00,9.964720000000000522e-02
5.600110000000000099e+01,2.999479999999999924e-01,2.113479999999999873e-02
5.625050000000000239e+01,1.413739999999999997e+00,9.962790000000000534e-02
5.650110000000000099e+01,3.001590000000000091e-01,2.111539999999999945e-02
5.675050000000000239e+01,1.414749999999999952e+00,9.967109999999999859e-02
5.700110000000000099e+01,3.000450000000000061e-01,2.108669999999999989e-02
5.725050000000000239e+01,1.417200000000000015e+00,9.965190000000000159e-02
5.750110000000000099e+01,3.000860000000000194e-01,2.106799999999999992e-02
5.775050000000000239e+01,1.416979999999999906e+00,9.966160000000000296e-02
5.800110000000000099e+01,3.001179999999999959e-01,2.105359999999999870e-02
5.825050000000000239e+01,1.416549999999999976e+00,9.967109999999999859e-02
5.850110000000000099e+01,3.001420000000000199e-01,2.104539999999999883e-02
5.875050000000000239e+01,1.419280000000000097e+00,9.974320000000000408e-02
5.900110000000000099e+01,2.999399999999999844e-01,2.102530000000000024e-02
5.925050000000000239e+01,1.420439999999999925e+00,9.964720000000000522e-02
5.950110000000000099e+01,2.999160000000000159e-01,2.100979999999999862e-02
5.975050000000000239e+01,1.421159999999999979e+00,9.961830000000000684e-02
6.000110000000000099e+01,2.999890000000000057e-01,2.100979999999999862e-02
6.025050000000000239e+01,1.422739999999999894e+00,9.968549999999999633e-02
6.050110000000000099e+01,2.999890000000000057e-01,2.099760000000000168e-02
6.075050000000000239e+01,1.423969999999999958e+00,9.963270000000000459e-02
6.100110000000000099e+01,3.000860000000000194e-01,2.096850000000000103e-02
6.125050000000000239e+01,1.423459999999999948e+00,9.964720000000000522e-02
6.150110000000000099e+01,3.000530000000000141e-01,2.098430000000000087e-02
6.175050000000000239e+01,1.423540000000000028e+00,9.967109999999999859e-02
6.200110000000000099e+01,2.998509999999999787e-01,2.096450000000000050e-02
6.225050000000000239e+01,1.425480000000000080e+00,9.967109999999999859e-02
6.250110000000000099e+01,3.000780000000000114e-01,2.095839999999999856e-02
6.275050000000000239e+01,1.424539999999999917e+00,9.969519999999999771e-02
6.300110000000000099e+01,2.999479999999999924e-01,2.094549999999999884e-02
6.325099999999999767e+01,1.425859999999999905e+00,9.973909999999999720e-02
6.350110000000000099e+01,3.000260000000000149e-01,2.091869999999999841e-02
6.375050000000000239e+01,1.427159999999999984e+00,9.969580000000000108e-02
6.400109999999999388e+01,3.000419999999999754e-01,2.091439999999999966e-02
6.425050000000000239e+01,1.425529999999999964e+00,9.967180000000000484e-02
6.450109999999999388e+01,3.001150000000000206e-01,2.091190000000000063e-02
6.475050000000000239e+01,1.427710000000000035e+00,9.967660000000000409e-02
6.500109999999999388e+01,3.002770000000000161e-01,2.088320000000000107e-02
6.525050000000000239e+01,1.428770000000000095e+00,9.971019999999999883e-02
6.550109999999999388e+01,3.001559999999999784e-01,2.085980000000000126e-02
6.575050000000000239e+01,1.428770000000000095e+00,9.968630000000000546e-02
6.600109999999999388e+01,3.002369999999999761e-01,2.085760000000000045e-02
6.625050000000000239e+01,1.430290000000000061e+00,9.967180000000000484e-02
6.650109999999999388e+01,3.002369999999999761e-01,2.081600000000000117e-02
6.675050000000000239e+01,1.432520000000000016e+00,9.967180000000000484e-02
6.700109999999999388e+01,2.999939999999999829e-01,2.080560000000000048e-02
6.725000000000000000e+01,1.400400000000000089e+00,9.771159999999999568e-02
6.750000000000000000e+01,3.000340000000000229e-01,2.079369999999999830e-02
6.775000000000000000e+01,1.306769999999999987e+00,9.109390000000000542e-02
6.800000000000000000e+01,2.999290000000000012e-01,2.076280000000000139e-02
6.825000000000000000e+01,1.213610000000000078e+00,8.448490000000000166e-02
6.850000000000000000e+01,3.000099999999999989e-01,2.075890000000000027e-02
6.875000000000000000e+01,1.120079999999999965e+00,7.787700000000000178e-02
6.900000000000000000e+01,3.001070000000000126e-01,2.076429999999999942e-02
6.925000000000000000e+01,1.026869999999999949e+00,7.132550000000000001e-02
6.950000000000000000e+01,3.001150000000000206e-01,2.073799999999999949e-02
6.975000000000000000e+01,9.336170000000000302e-01,6.478649999999999687e-02
7.000000000000000000e+01,3.000990000000000046e-01,2.073409999999999836e-02
7.025000000000000000e+01,8.401819999999999844e-01,5.827630000000000310e-02
7.050000000000000000e+01,3.001639999999999864e-01,2.074230000000000171e-02
7.075000000000000000e+01,7.469240000000000324e-01,5.173339999999999883e-02
7.100000000000000000e+01,3.000990000000000046e-01,2.071359999999999868e-02
7.125000000000000000e+01,6.536020000000000163e-01,4.522000000000000325e-02
7.150000000000000000e+01,3.002610000000000001e-01,2.071720000000000159e-02
7.175000000000000000e+01,5.602310000000000345e-01,3.874670000000000197e-02
7.200000000000000000e+01,3.000579999999999914e-01,2.071249999999999827e-02
7.225000000000000000e+01,4.669090000000000185e-01,3.222110000000000252e-02
7.250000000000000000e+01,3.001150000000000206e-01,2.068920000000000134e-02
7.275000000000000000e+01,3.733759999999999857e-01,2.576940000000000133e-02
7.300000000000000000e+01,3.000829999999999886e-01,2.068810000000000093e-02
7.325000000000000000e+01,2.801350000000000229e-01,1.930590000000000084e-02
7.350000000000000000e+01,3.000099999999999989e-01,2.067909999999999887e-02
7.375000000000000000e+01,1.866359999999999963e-01,1.285030000000000026e-02
7.400000000000000000e+01,3.002040000000000264e-01,2.067010000000000028e-02
7.425050000000000239e+01,9.336319999999999342e-02,6.424990000000000215e-03
7.450050000000000239e+01,3.000659999999999994e-01,2.066329999999999903e-02
7.475199999999999534e+01,5.402570000000000012e-05,-1.796679999999999966e-06
7.500190000000000623e+01,3.000019999999999909e-01,2.065900000000000028e-02
7.525199999999999534e+01,6.482600000000000580e-05,-1.702089999999999911e-06
7.550190000000000623e+01,3.000909999999999966e-01,2.065109999999999862e-02
7.575050000000000239e+01,-9.340070000000000316e-02,-6.431570000000000169e-03
7.600050000000000239e+01,3.000909999999999966e-01,2.065000000000000169e-02
7.625000000000000000e+01,-1.867080000000000128e-01,-1.286110000000000031e-02
7.650000000000000000e+01,3.001639999999999864e-01,2.064070000000000141e-02
7.675000000000000000e+01,-2.798030000000000239e-01,-1.927859999999999990e-02
7.700000000000000000e+01,3.000180000000000069e-01,2.062599999999999850e-02
7.725000000000000000e+01,-3.732400000000000162e-01,-2.570690000000000128e-02
7.750000000000000000e+01,3.000659999999999994e-01,2.062340000000000007e-02
7.775000000000000000e+01,-4.667339999999999822e-01,-3.215599999999999709e-02
7.800000000000000000e+01,3.000829999999999886e-01,2.062450000000000047e-02
7.825000000000000000e+01,-5.600330000000000030e-01,-3.861370000000000080e-02
7.850000000000000000e+01,2.999209999999999932e-01,2.063239999999999866e-02
7.875000000000000000e+01,-6.532510000000000261e-01,-4.507280000000000314e-02
7.900000000000000000e+01,3.001309999999999811e-01,2.062989999999999963e-02
7.925000000000000000e+01,-7.468129999999999491e-01,-5.156700000000000172e-02
7.950000000000000000e+01,2.999899999999999789e-01,2.063600000000000156e-02
7.975000000000000000e+01,-8.401030000000000442e-01,-5.806850000000000206e-02
8.000000000000000000e+01,3.001929999999999876e-01,2.063670000000000088e-02
8.025000000000000000e+01,-9.333679999999999755e-01,-6.462049999999999739e-02
8.050000000000000000e+01,3.001759999999999984e-01,2.063890000000000169e-02
8.075000000000000000e+01,-1.026720000000000077e+00,-7.121639999999999915e-02
8.100000000000000000e+01,3.002009999999999956e-01,2.068880000000000025e-02
8.125000000000000000e+01,-1.120130000000000070e+00,-7.788019999999999665e-02
8.150000000000000000e+01,3.002170000000000116e-01,2.070889999999999884e-02
8.175000000000000000e+01,-1.213489999999999958e+00,-8.450119999999999854e-02
8.200000000000000000e+01,3.001679999999999904e-01,2.073880000000000168e-02
8.225000000000000000e+01,-1.306869999999999976e+00,-9.130439999999999390e-02
8.250000000000000000e+01,3.001440000000000219e-01,2.078549999999999842e-02
8.275000000000000000e+01,-1.400230000000000086e+00,-9.815279999999999838e-02
8.300000000000000000e+01,3.002659999999999774e-01,2.085009999999999988e-02
8.325050000000000239e+01,-1.425869999999999971e+00,-1.000940000000000024e-01
8.350109999999999388e+01,3.003549999999999831e-01,2.084220000000000170e-02
8.375050000000000239e+01,-1.427959999999999896e+00,-1.000940000000000024e-01
8.400109999999999388e+01,3.001929999999999876e-01,2.083029999999999951e-02
8.425050000000000239e+01,-1.429740000000000011e+00,-1.000560000000000060e-01
8.450109999999999388e+01,3.001599999999999824e-01,2.080270000000000036e-02
8.475050000000000239e+01,-1.431899999999999951e+00,-1.000749999999999973e-01
8.500109999999999388e+01,3.001030000000000086e-01,2.077750000000000083e-02
8.525050000000000239e+01,-1.432099999999999929e+00,-1.000889999999999974e-01
8.550109999999999388e+01,3.002250000000000196e-01,2.076609999999999914e-02
8.575050000000000239e+01,-1.435219999999999940e+00,-1.001469999999999999e-01
8.600109999999999388e+01,3.002819999999999934e-01,2.071720000000000159e-02
8.625050000000000239e+01,-1.434549999999999992e+00,-1.000989999999999935e-01
8.650109999999999388e+01,3.001679999999999904e-01,2.071680000000000049e-02
8.675050000000000239e+01,-1.434479999999999977e+00,-1.001090000000000035e-01
8.700109999999999388e+01,3.002409999999999801e-01,2.069850000000000162e-02
8.725050000000000239e+01,-1.436779999999999946e+00,-1.001660000000000050e-01
8.750109999999999388e+01,3.003060000000000174e-01,2.066039999999999890e-02
8.775050000000000239e+01,-1.437999999999999945e+00,-1.001230000000000037e-01
8.800109999999999388e+01,3.000550000000000161e-01,2.065109999999999862e-02
8.825050000000000239e+01,-1.439589999999999925e+00,-1.000749999999999973e-01
8.850109999999999388e+01,3.000950000000000006e-01,2.058789999999999926e-02
8.875050000000000239e+01,-1.444700000000000095e+00,-1.001329999999999998e-01
8.900109999999999388e+01,3.000950000000000006e-01,2.053400000000000017e-02
8.925050000000000239e+01,-1.449889999999999901e+00,-1.001129999999999937e-01
8.950109999999999388e+01,3.001519999999999744e-01,2.045790000000000108e-02
8.975050000000000239e+01,-1.449240000000000084e+00,-1.001179999999999987e-01
9.000109999999999388e+01,3.002409999999999801e-01,2.044920000000000071e-02
9.025050000000000239e+01,-1.453349999999999920e+00,-1.001279999999999948e-01
9.050109999999999388e+01,3.000950000000000006e-01,2.041870000000000143e-02
9.075050000000000239e+01,-1.453060000000000018e+00,-1.001370000000000038e-01
9.100109999999999388e+01,3.002569999999999961e-01,2.038670000000000065e-02
9.125050000000000239e+01,-1.453060000000000018e+00,-1.001709999999999962e-01
9.150109999999999388e+01,3.002170000000000116e-01,2.037699999999999928e-02
9.175050000000000239e+01,-1.452769999999999895e+00,-1.001760000000000012e-01
9.200109999999999388e+01,3.003060000000000174e-01,2.036090000000000122e-02
9.225050000000000239e+01,-1.455580000000000096e+00,-1.001950000000000063e-01
9.250109999999999388e+01,3.000950000000000006e-01,2.033029999999999907e-02
9.275050000000000239e+01,-1.457740000000000036e+00,-1.001370000000000038e-01
9.300109999999999388e+01,3.002009999999999956e-01,2.028869999999999979e-02
9.325050000000000239e+01,-1.459470000000000045e+00,-1.001569999999999960e-01
9.350109999999999388e+01,3.000950000000000006e-01,2.028150000000000092e-02
9.375050000000000239e+01,-1.461489999999999956e+00,-1.001620000000000010e-01
9.400109999999999388e+01,3.002090000000000036e-01,2.027649999999999939e-02
9.425050000000000239e+01,-1.465449999999999919e+00,-1.001370000000000038e-01
9.450109999999999388e+01,3.001360000000000139e-01,2.021250000000000130e-02
9.475050000000000239e+01,-1.467400000000000038e+00,-1.001520000000000049e-01
9.500109999999999388e+01,3.000950000000000006e-01,2.018409999999999996e-02
9.525100000000000477e+01,-1.469969999999999999e+00,-1.001100000000000045e-01
9.550109999999999388e+01,2.998919999999999919e-01,2.016269999999999868e-02
9.575050000000000239e+01,-1.471489999999999965e+00,-1.000670000000000032e-01
9.600109999999999388e+01,2.999890000000000057e-01,2.012859999999999996e-02
9.625050000000000239e+01,-1.473289999999999988e+00,-1.001530000000000059e-01
9.650109999999999388e+01,2.999649999999999817e-01,2.009880000000000000e-02
9.675050000000000239e+01,-1.473859999999999948e+00,-1.000960000000000044e-01
9.700109999999999388e+01,2.998839999999999839e-01,2.009949999999999931e-02
9.725050000000000239e+01,-1.476450000000000040e+00,-1.000569999999999932e-01
9.750109999999999388e+01,2.998759999999999759e-01,2.005490000000000050e-02
9.775050000000000239e+01,-1.478399999999999936e+00,-1.000479999999999980e-01
9.800109999999999388e+01,2.997059999999999724e-01,2.002690000000000026e-02
9.825050000000000239e+01,-1.480490000000000084e+00,-1.001819999999999933e-01
9.850109999999999388e+01,2.999410000000000132e-01,1.999679999999999860e-02
9.875050000000000239e+01,-1.480560000000000098e+00,-1.000909999999999994e-01
9.900109999999999388e+01,2.998839999999999839e-01,1.998420000000000057e-02
9.925050000000000239e+01,-1.483370000000000077e+00,-1.001679999999999932e-01
9.950109999999999388e+01,2.998919999999999919e-01,1.996049999999999908e-02
9.975050000000000239e+01,-1.484949999999999992e+00,-1.001729999999999982e-01
1.000010000000000048e+02,2.998520000000000074e-01,1.990799999999999861e-02
1.002510000000000048e+02,-1.487759999999999971e+00,-1.001439999999999969e-01
1.005010000000000048e+02,2.999490000000000212e-01,1.986889999999999837e-02
1.007510000000000048e+02,-1.490650000000000031e+00,-1.000909999999999994e-01
1.010010000000000048e+02,2.997059999999999724e-01,1.983580000000000065e-02
1.012510000000000048e+02,-1.490289999999999893e+00,-1.001729999999999982e-01
1.015010000000000048e+02,2.999080000000000079e-01,1.982039999999999844e-02
1.017510000000000048e+02,-1.492590000000000083e+00,-1.001100000000000045e-01
1.020010000000000048e+02,2.998759999999999759e-01,1.977440000000000100e-02
1.022510000000000048e+02,-1.493309999999999915e+00,-1.001439999999999969e-01
1.025010000000000048e+02,2.999410000000000132e-01,1.977119999999999919e-02
1.027510000000000048e+02,-1.496769999999999934e+00,-1.001630000000000020e-01
1.030010000000000048e+02,2.998839999999999839e-01,1.971480000000000107e-02
1.032510000000000048e+02,-1.497200000000000086e+00,-1.001530000000000059e-01
1.035010000000000048e+02,2.998919999999999919e-01,1.972089999999999954e-02
1.037510000000000048e+02,-1.499360000000000026e+00,-1.001200000000000007e-01
1.040010000000000048e+02,2.999080000000000079e-01,1.966019999999999920e-02
1.042510000000000048e+02,-1.500590000000000090e+00,-1.001250000000000057e-01
1.045010000000000048e+02,2.999169999999999892e-01,1.965520000000000114e-02
1.047510000000000048e+02,-1.503679999999999906e+00,-1.001250000000000057e-01
1.050010000000000048e+02,2.999809999999999977e-01,1.961999999999999855e-02
1.052510000000000048e+02,-1.504259999999999931e+00,-1.001009999999999955e-01
1.055010000000000048e+02,2.999169999999999892e-01,1.961099999999999996e-02
1.057510000000000048e+02,-1.504110000000000058e+00,-1.001250000000000057e-01
1.060010000000000048e+02,3.000220000000000109e-01,1.961600000000000149e-02
1.062510000000000048e+02,-1.507929999999999993e+00,-1.001439999999999969e-01
1.065010000000000048e+02,2.999169999999999892e-01,1.956499999999999906e-02
1.067510000000000048e+02,-1.506350000000000078e+00,-1.001770000000000022e-01
1.070010000000000048e+02,2.999169999999999892e-01,1.955240000000000103e-02
1.072510000000000048e+02,-1.505919999999999925e+00,-1.001149999999999957e-01
1.075010000000000048e+02,2.998839999999999839e-01,1.954380000000000006e-02
1.077510000000000048e+02,-1.511390000000000011e+00,-1.001439999999999969e-01
1.080010000000000048e+02,2.998999999999999999e-01,1.950829999999999925e-02
1.082510000000000048e+02,-1.512760000000000105e+00,-1.001250000000000057e-01
1.085010000000000048e+02,2.998439999999999994e-01,1.947449999999999876e-02
1.087510000000000048e+02,-1.514270000000000005e+00,-1.001009999999999955e-01
1.090010000000000048e+02,2.999890000000000057e-01,1.944179999999999867e-02
1.092510000000000048e+02,-1.515209999999999946e+00,-1.001289999999999958e-01
1.095010000000000048e+02,2.997870000000000257e-01,1.944859999999999992e-02
1.097510000000000048e+02,-1.516219999999999901e+00,-1.001049999999999995e-01
1.100010000000000048e+02,2.998190000000000022e-01,1.939870000000000136e-02
1.102510000000000048e+02,-1.518089999999999939e+00,-1.000960000000000044e-01
1.105010000000000048e+02,2.997790000000000177e-01,1.939470000000000083e-02
1.107510000000000048e+02,-1.517439999999999900e+00,-1.001869999999999983e-01
1.110010000000000048e+02,3.000780000000000114e-01,1.936919999999999961e-02
1.112510000000000048e+02,-1.519330000000000069e+00,-1.000520000000000020e-01
1.115010000000000048e+02,2.996929999999999872e-01,1.938219999999999874e-02
1.117510000000000048e+02,-1.519900000000000029e+00,-1.001149999999999957e-01
1.120010000000000048e+02,2.998870000000000147e-01,1.937610000000000027e-02
1.122510000000000048e+02,-1.523439999999999905e+00,-1.001250000000000057e-01
1.125010000000000048e+02,2.999439999999999884e-01,1.931360000000000021e-02
1.127510000000000048e+02,-1.521630000000000038e+00,-1.001009999999999955e-01
1.130010000000000048e+02,2.997900000000000009e-01,1.935519999999999949e-02
1.132510000000000048e+02,-1.520410000000000039e+00,-1.000759999999999983e-01
1.135010000000000048e+02,2.999200000000000199e-01,1.938969999999999930e-02
1.137510000000000048e+02,-1.521779999999999911e+00,-1.001579999999999970e-01
1.140010000000000048e+02,2.998870000000000147e-01,1.934910000000000102e-02
1.142510000000000048e+02,-1.523220000000000018e+00,-1.001149999999999957e-01
1.145010000000000048e+02,2.999029999999999752e-01,1.933079999999999868e-02
1.147510000000000048e+02,-1.525379999999999958e+00,-1.000810000000000033e-01
1.150010000000000048e+02,2.999839999999999729e-01,1.931609999999999924e-02
1.152510000000000048e+02,-1.530710000000000015e+00,-1.000810000000000033e-01
1.155010000000000048e+02,2.999029999999999752e-01,1.919219999999999954e-02
1.157510000000000048e+02,-1.535250000000000004e+00,-1.000670000000000032e-01
1.160010000000000048e+02,3.000169999999999781e-01,1.914870000000000114e-02
1.162500000000000000e+02,-1.537549999999999972e+00,-9.999940000000000218e-02
1.165000000000000000e+02,2.999839999999999729e-01,1.912180000000000130e-02
1.167510000000000048e+02,-1.543670000000000098e+00,-1.001340000000000008e-01
1.170010000000000048e+02,2.998790000000000067e-01,1.900429999999999828e-02
1.172510000000000048e+02,-1.545330000000000092e+00,-1.001049999999999995e-01
1.175010000000000048e+02,2.998629999999999907e-01,1.899069999999999925e-02
1.177510000000000048e+02,-1.546990000000000087e+00,-1.001340000000000008e-01
1.180010000000000048e+02,2.997980000000000089e-01,1.894329999999999972e-02
1.182510000000000048e+02,-1.550950000000000051e+00,-1.001049999999999995e-01
1.185010000000000048e+02,2.998549999999999827e-01,1.892670000000000116e-02
1.187510000000000048e+02,-1.552030000000000021e+00,-1.001250000000000057e-01
1.190010000000000048e+02,2.999760000000000204e-01,1.889259999999999898e-02
1.192510000000000048e+02,-1.555849999999999955e+00,-1.001439999999999969e-01
1.195010000000000048e+02,2.999760000000000204e-01,1.882079999999999864e-02
1.197510000000000048e+02,-1.557430000000000092e+00,-1.001530000000000059e-01
1.200010000000000048e+02,2.998219999999999774e-01,1.882359999999999936e-02
1.202510000000000048e+02,-1.556059999999999999e+00,-1.000430000000000069e-01
1.205010000000000048e+02,2.997250000000000192e-01,1.880420000000000008e-02
1.207510000000000048e+02,-1.559229999999999894e+00,-1.001390000000000058e-01
1.210010000000000048e+02,2.998790000000000067e-01,1.877909999999999996e-02
1.212510000000000048e+02,-1.559450000000000003e+00,-1.001490000000000019e-01
1.215010000000000048e+02,2.997980000000000089e-01,1.873560000000000156e-02
1.217510000000000048e+02,-1.563339999999999952e+00,-1.001920000000000033e-01
1.220010000000000048e+02,2.997489999999999877e-01,1.865839999999999860e-02
1.222510000000000048e+02,-1.563479999999999981e+00,-1.001579999999999970e-01
1.225010000000000048e+02,2.998390000000000222e-01,1.866450000000000053e-02
1.227510000000000048e+02,-1.570610000000000062e+00,-1.000909999999999994e-01
1.230010000000000048e+02,2.998549999999999827e-01,1.857719999999999858e-02
1.232510000000000048e+02,-1.569819999999999993e+00,-1.000859999999999944e-01
1.235010000000000048e+02,2.996599999999999819e-01,1.858800000000000036e-02
1.237500000000000000e+02,-1.571479999999999988e+00,-9.999869999999999592e-02
1.240000000000000000e+02,3.000090000000000257e-01,1.858009999999999870e-02
1.242510000000000048e+02,-1.569749999999999979e+00,-1.000569999999999932e-01
1.245010000000000048e+02,2.998060000000000169e-01,1.855249999999999955e-02
1.247510000000000048e+02,-1.569460000000000077e+00,-1.000520000000000020e-01
1.250010000000000048e+02,2.996849999999999792e-01,1.852229999999999849e-02
1.252510000000000048e+02,-1.573569999999999913e+00,-1.001579999999999970e-01
1.255010000000000048e+02,2.998950000000000227e-01,1.846160000000000162e-02
1.257500000000000000e+02,-1.577960000000000029e+00,-9.999940000000000218e-02
1.260000000000000000e+02,2.998390000000000222e-01,1.839299999999999963e-02
1.262510000000000048e+02,-1.582859999999999934e+00,-1.000719999999999943e-01
1.265010000000000048e+02,2.999029999999999752e-01,1.832009999999999889e-02
1.267510000000000048e+02,-1.584799999999999986e+00,-1.001439999999999969e-01
1.270010000000000048e+02,2.999680000000000124e-01,1.828159999999999855e-02
1.272510000000000048e+02,-1.586419999999999941e+00,-1.001429999999999959e-01
1.275010000000000048e+02,2.996920000000000139e-01,1.823050000000000018e-02
1.277510000000000048e+02,-1.581229999999999913e+00,-1.000849999999999934e-01
1.280010000000000048e+02,2.997980000000000089e-01,1.830949999999999939e-02
1.282510000000000048e+02,-1.589439999999999964e+00,-1.000810000000000033e-01
1.285010000000000048e+02,2.996280000000000054e-01,1.820389999999999855e-02
1.287500000000000000e+02,-1.593040000000000012e+00,-9.999769999999999492e-02
1.290000000000000000e+02,2.997330000000000272e-01,1.820280000000000162e-02
1.292510000000000048e+02,-1.588070000000000093e+00,-1.001530000000000059e-01
1.295010000000000048e+02,2.998060000000000169e-01,1.823270000000000099e-02
1.297510000000000048e+02,-1.592319999999999958e+00,-1.001380000000000048e-01
1.300010000000000048e+02,2.998790000000000067e-01,1.810190000000000063e-02
1.302510000000000048e+02,-1.596789999999999932e+00,-1.001530000000000059e-01
1.305010000000000048e+02,2.998460000000000014e-01,1.811839999999999978e-02
1.307510000000000048e+02,-1.603849999999999998e+00,-1.001670000000000060e-01
1.310010000000000048e+02,2.997330000000000272e-01,1.804619999999999835e-02
1.312510000000000048e+02,-1.608389999999999986e+00,-1.001240000000000047e-01
1.315010000000000048e+02,2.996759999999999979e-01,1.800210000000000005e-02
1.317510000000000048e+02,-1.615439999999999987e+00,-1.001670000000000060e-01
1.320010000000000048e+02,2.997650000000000037e-01,1.794930000000000136e-02
1.322510000000000048e+02,-1.616309999999999913e+00,-1.001380000000000048e-01
1.325010000000000048e+02,2.998870000000000147e-01,1.791509999999999977e-02
1.327510000000000048e+02,-1.619050000000000100e+00,-1.001670000000000060e-01
1.330010000000000048e+02,2.999029999999999752e-01,1.788640000000000022e-02
1.332510000000000048e+02,-1.622719999999999940e+00,-1.001620000000000010e-01
1.335010000000000048e+02,2.999919999999999809e-01,1.772119999999999945e-02
1.337510000000000048e+02,-1.623150000000000093e+00,-1.001329999999999998e-01
1.340010000000000048e+02,2.998060000000000169e-01,1.779800000000000132e-02
1.342510000000000048e+02,-1.618249999999999966e+00,-1.001620000000000010e-01
1.345010000000000048e+02,2.998629999999999907e-01,1.788599999999999912e-02
1.347510000000000048e+02,-1.629559999999999897e+00,-1.001429999999999959e-01
1.350010000000000048e+02,2.998709999999999987e-01,1.773879999999999901e-02
1.352510000000000048e+02,-1.615799999999999903e+00,-1.001090000000000035e-01
1.355010000000000048e+02,2.997980000000000089e-01,1.792519999999999877e-02
1.357510000000000048e+02,-1.625739999999999963e+00,-1.001910000000000023e-01
1.360010000000000048e+02,2.997409999999999797e-01,1.777719999999999995e-02
1.362510000000000048e+02,-1.630570000000000075e+00,-1.001959999999999934e-01
1.365010000000000048e+02,3.000169999999999781e-01,1.769710000000000033e-02
1.367510000000000048e+02,-1.628630000000000022e+00,-1.001910000000000023e-01
1.370010000000000048e+02,2.999919999999999809e-01,1.763570000000000068e-02
1.372510000000000048e+02,-1.625170000000000003e+00,-1.001959999999999934e-01
1.375010000000000048e+02,2.997730000000000117e-01,1.769640000000000102e-02
1.377510000000000048e+02,-1.624949999999999894e+00,-1.001429999999999959e-01
1.380010000000000048e+02,2.997170000000000112e-01,1.761630000000000140e-02
1.382510000000000048e+02,-1.627760000000000096e+00,-1.001530000000000059e-01
1.385010000000000048e+02,3.000169999999999781e-01,1.760050000000000156e-02
1.387510000000000048e+02,-1.503579999999999917e+00,-1.000179999999999958e-01
1.390010000000000048e+02,2.997489999999999877e-01,1.757569999999999966e-02
1.392510000000000048e+02,-1.642600000000000060e+00,-1.001859999999999973e-01
1.395010000000000048e+02,2.997819999999999929e-01,1.723560000000000023e-02
1.397510000000000048e+02,-1.655459999999999932e+00,-1.001429999999999959e-01
1.400010000000000048e+02,2.997170000000000112e-01,1.728729999999999850e-02
1.402510000000000048e+02,-1.654970000000000052e+00,-1.001910000000000023e-01
1.405010000000000048e+02,2.998790000000000067e-01,1.741120000000000168e-02
1.407510000000000048e+02,-1.653759999999999897e+00,-1.001859999999999973e-01
1.410010000000000048e+02,2.998060000000000169e-01,1.742770000000000083e-02
1.412510000000000048e+02,-1.457819999999999894e+00,-1.000280000000000058e-01
1.415010000000000048e+02,2.998950000000000227e-01,1.759830000000000075e-02
1.417500000000000000e+02,-1.586740000000000039e+00,-9.465189999999999715e-02
1.420000000000000000e+02,2.998219999999999774e-01,1.724780000000000063e-02
1.422500000000000000e+02,-1.493430000000000035e+00,-8.760619999999999519e-02
1.425000000000000000e+02,2.998060000000000169e-01,1.696359999999999882e-02
1.427500000000000000e+02,-1.400330000000000075e+00,-8.133379999999999777e-02
1.430000000000000000e+02,2.999519999999999964e-01,1.687059999999999949e-02
1.432500000000000000e+02,-1.306910000000000016e+00,-7.539029999999999343e-02
1.435000000000000000e+02,2.999680000000000124e-01,1.680299999999999849e-02
1.437500000000000000e+02,-1.213319999999999954e+00,-6.959400000000000308e-02
1.440000000000000000e+02,3.001050000000000106e-01,1.678970000000000115e-02
1.442500000000000000e+02,-1.120090000000000030e+00,-6.391520000000000534e-02
1.445000000000000000e+02,2.999430000000000152e-01,1.673660000000000078e-02
1.447500000000000000e+02,-1.026890000000000081e+00,-5.834629999999999678e-02
1.450000000000000000e+02,3.001130000000000186e-01,1.671829999999999844e-02
1.452500000000000000e+02,-9.335820000000000229e-01,-5.275769999999999765e-02
1.455000000000000000e+02,3.000320000000000209e-01,1.667880000000000057e-02
1.457500000000000000e+02,-8.401110000000000522e-01,-4.728040000000000020e-02
1.460000000000000000e+02,3.001130000000000186e-01,1.662989999999999954e-02
1.462500000000000000e+02,-7.465829999999999966e-01,-4.180670000000000219e-02
1.465000000000000000e+02,3.001460000000000239e-01,1.659249999999999961e-02
1.467500000000000000e+02,-6.534349999999999881e-01,-3.643749999999999767e-02
1.470000000000000000e+02,3.000559999999999894e-01,1.655480000000000146e-02
1.472500000000000000e+02,-5.598499999999999588e-01,-3.104600000000000068e-02
1.475000000000000000e+02,3.001619999999999844e-01,1.650710000000000025e-02
1.477500000000000000e+02,-4.668649999999999745e-01,-2.574289999999999912e-02
1.480000000000000000e+02,3.000889999999999946e-01,1.647190000000000112e-02
1.482500000000000000e+02,-3.733119999999999772e-01,-2.050159999999999830e-02
1.485000000000000000e+02,2.999999999999999889e-01,1.643129999999999938e-02
1.487500000000000000e+02,-2.800599999999999756e-01,-1.531590000000000035e-02
1.490000000000000000e+02,2.999269999999999992e-01,1.639610000000000026e-02
1.492500000000000000e+02,-1.867369999999999863e-01,-1.017479999999999947e-02
1.495000000000000000e+02,3.000650000000000261e-01,1.634760000000000033e-02
1.497510000000000048e+02,-9.339899999999999591e-02,-5.067290000000000336e-03
